,Unnamed: 0,route_name,route_link,bus_name,bus_type,departing_time,duration,arrival_time,star_rating,fare_price,seat_availablity
0,0,Burdwan to Kolkata,https://www.redbus.in/bus-tickets/burdwan-to-kolkata,SBSTC-BURDWAN - KARUNAMOYEE - 16:45 (BWN DEPOT) - 59,Non AC Seater (2+3),16:45,02h 30m,19:15,4.0,100.0,39
1,1,Burdwan to Kolkata,https://www.redbus.in/bus-tickets/burdwan-to-kolkata,SBSTC-BURDWAN - KOLKATA - 17:00 (BWN DEPOT) - 41,Non AC Seater (2+3),17:00,02h 00m,19:00,4.0,95.0,42
2,2,Burdwan to Kolkata,https://www.redbus.in/bus-tickets/burdwan-to-kolkata,SBSTC-BURDWAN - KARUNAMOYEE - 17:30 (BWN DEPOT) - 60,Non AC Seater (2+3),17:30,02h 30m,20:00,3.9,100.0,32
3,3,Burdwan to Kolkata,https://www.redbus.in/bus-tickets/burdwan-to-kolkata,SBSTC-BURDWAN - KARUNAMOYEE - 18:30 (BWN DEPOT) - 61,Non AC Seater (2+3),18:30,02h 30m,21:00,4.1,100.0,44
4,4,Burdwan to Kolkata,https://www.redbus.in/bus-tickets/burdwan-to-kolkata,Greenline,Volvo A/C B11R Multi Axle Semi Sleeper (2+2),16:05,02h 45m,18:50,4.6,429.0,30
5,5,Burdwan to Kolkata,https://www.redbus.in/bus-tickets/burdwan-to-kolkata,Express Line,Volvo 9600 Multi Axle Semi-Sleeper (2+2),16:10,02h 50m,19:00,4.4,429.0,13
6,6,Burdwan to Kolkata,https://www.redbus.in/bus-tickets/burdwan-to-kolkata,Greenline (Karunamoyee),Volvo A/C Seater (2+2),16:40,02h 50m,19:30,4.1,429.0,2
7,7,Burdwan to Kolkata,https://www.redbus.in/bus-tickets/burdwan-to-kolkata,SHYAMOLI Pvt. Ltd.(Karunamoyee),Volvo A/C Seater (2+2),17:00,03h 00m,20:00,3.9,429.0,19
8,8,Burdwan to Kolkata,https://www.redbus.in/bus-tickets/burdwan-to-kolkata,Greenline,Volvo A/C Seater (2+2),17:00,02h 50m,19:50,4.7,429.0,15
9,9,Burdwan to Kolkata,https://www.redbus.in/bus-tickets/burdwan-to-kolkata,Express Line (Karunamoyee),Volvo A/C Seater (2+2),17:30,02h 55m,20:25,4.8,429.0,33
10,10,Burdwan to Kolkata,https://www.redbus.in/bus-tickets/burdwan-to-kolkata,Shyamoli Paribahan Pvt Ltd,Volvo A/C Seater (2+2),17:40,02h 50m,20:30,3.9,429.0,27
11,11,Burdwan to Kolkata,https://www.redbus.in/bus-tickets/burdwan-to-kolkata,SHYAMOLI Pvt. Ltd.(Karunamoyee),Volvo A/C Seater (2+2),17:45,03h 00m,20:45,3.0,429.0,45
12,12,Burdwan to Kolkata,https://www.redbus.in/bus-tickets/burdwan-to-kolkata,Greenline (Karunamoyee),Volvo A/C Seater (2+2),18:30,02h 50m,21:20,3.5,429.0,23
13,13,Burdwan to Kolkata,https://www.redbus.in/bus-tickets/burdwan-to-kolkata,Express Line,Volvo A/C Seater (2+2),19:40,03h 10m,22:50,4.0,429.0,28
14,14,Burdwan to Kolkata,https://www.redbus.in/bus-tickets/burdwan-to-kolkata,SHYAMOLI Pvt. Ltd.(Karunamoyee),Volvo A/C Seater (2+2),18:55,02h 40m,21:35,2.8,429.0,44
15,15,Burdwan to Kolkata,https://www.redbus.in/bus-tickets/burdwan-to-kolkata,Shyamoli Paribahan Pvt Ltd,Volvo A/C Seater (2+2),19:15,02h 45m,22:00,2.6,429.0,15
16,16,Kolkata to Burdwan,https://www.redbus.in/bus-tickets/kolkata-to-burdwan,SBSTC-KOLKATA - KANDI - VIA - FUTISANKO - 16:25 (BWN D - 3968,Non AC Seater (2+3),16:25,02h 00m,18:25,3.9,95.0,41
17,17,Kolkata to Burdwan,https://www.redbus.in/bus-tickets/kolkata-to-burdwan,SBSTC-KOLKATA - LABPUR - 16:35 (HWH DEPOT) - 3238,Non AC Seater (2+3),16:35,02h 00m,18:35,2.6,95.0,48
18,18,Kolkata to Burdwan,https://www.redbus.in/bus-tickets/kolkata-to-burdwan,SBSTC-KOLKATA - KANDRA - 17:00 (BWN DEPOT) - 689,Non AC Seater (2+3),17:00,02h 00m,19:00,4.0,95.0,50
19,19,Kolkata to Burdwan,https://www.redbus.in/bus-tickets/kolkata-to-burdwan,SBSTC-KOLKATA - ASANSOL - L/S - 17:00 (ASANSOL DEPOT) - 769,Non AC Seater (2+3),17:00,02h 00m,19:00,2.6,95.0,50
20,20,Kolkata to Burdwan,https://www.redbus.in/bus-tickets/kolkata-to-burdwan,SBSTC-KARUNAMOYEE - BURDWAN - 17:00 (BWN DEPOT) - 118,Non AC Seater (2+3),17:00,02h 00m,19:00,3.7,100.0,25
21,21,Kolkata to Burdwan,https://www.redbus.in/bus-tickets/kolkata-to-burdwan,SHYAMOLI Pvt. Ltd.(Karunamoyee),Volvo A/C Seater (2+2),16:10,02h 20m,18:30,4.4,429.0,34
22,22,Kolkata to Burdwan,https://www.redbus.in/bus-tickets/kolkata-to-burdwan,Express Line (Karunamoyee),Volvo 9600 Multi Axle Semi-Sleeper (2+2),16:15,01h 45m,18:00,4.8,429.0,38
23,23,Kolkata to Burdwan,https://www.redbus.in/bus-tickets/kolkata-to-burdwan,Greenline,Volvo 9600 Multi Axle Semi-Sleeper (2+2),16:15,01h 35m,17:50,4.7,429.0,23
24,24,Kolkata to Burdwan,https://www.redbus.in/bus-tickets/kolkata-to-burdwan,Greenline (Karunamoyee),Scania Multi-Axle AC Semi Sleeper (2+2),16:45,02h 35m,19:20,3.9,429.0,49
25,25,Kolkata to Burdwan,https://www.redbus.in/bus-tickets/kolkata-to-burdwan,SBSTC-KOLKATA - DINANATHPUR - VIA - BURDWAN - 17:30 (BWN - 2952,Non AC Seater (2+3),17:30,02h 00m,19:30,3.6,95.0,52
26,26,Kolkata to Burdwan,https://www.redbus.in/bus-tickets/kolkata-to-burdwan,SBSTC-KARUNAMOYEE - BURDWAN - 17:30 (BWN DEPOT) - 465,Non AC Seater (2+3),17:30,02h 00m,19:30,3.9,100.0,39
27,27,Kolkata to Burdwan,https://www.redbus.in/bus-tickets/kolkata-to-burdwan,SBSTC-KARUNAMOYEE - BURDWAN - 18:15 (BWN DEPOT) - 119,Non AC Seater (2+3),18:15,02h 00m,20:15,4.1,100.0,31
28,28,Kolkata to Burdwan,https://www.redbus.in/bus-tickets/kolkata-to-burdwan,SBSTC-KOLKATA - BURDWAN - 18:15 (BWN DEPOT) - 96,Non AC Seater (2+3),18:15,02h 00m,20:15,3.7,95.0,38
29,29,Kolkata to Burdwan,https://www.redbus.in/bus-tickets/kolkata-to-burdwan,SBSTC-KARUNAMOYEE - BURDWAN - A/C - 18:45 (BWN DEPOT) - 1674,AC Seater (2+2),18:45,02h 00m,20:45,3.5,200.0,22
30,30,Kolkata to Burdwan,https://www.redbus.in/bus-tickets/kolkata-to-burdwan,SBSTC-KARUNAMOYEE - BURDWAN - 19:30 (BWN DEPOT) - 120,Non AC Seater (2+3),19:30,02h 00m,21:30,4.1,100.0,40
31,31,Kolkata to Burdwan,https://www.redbus.in/bus-tickets/kolkata-to-burdwan,SBSTC-KOLKATA - BURDWAN - 20:00 (BWN DEPOT) - 103,Non AC Seater (2+3),20:00,02h 00m,22:00,4.7,95.0,50
32,32,Kolkata to Burdwan,https://www.redbus.in/bus-tickets/kolkata-to-burdwan,Express Line,Volvo 9600 A/C Semi Sleeper (2+2),17:20,02h 10m,19:30,3.3,429.0,43
33,33,Kolkata to Burdwan,https://www.redbus.in/bus-tickets/kolkata-to-burdwan,SHYAMOLI Pvt. Ltd.(Karunamoyee),Volvo A/C Seater (2+2),17:30,02h 30m,20:00,4.6,429.0,29
34,34,Kolkata to Burdwan,https://www.redbus.in/bus-tickets/kolkata-to-burdwan,Greenline,Volvo A/C Seater (2+2),18:05,02h 40m,20:45,4.7,429.0,36
35,35,Kolkata to Burdwan,https://www.redbus.in/bus-tickets/kolkata-to-burdwan,Shyamoli Paribahan Pvt Ltd,Volvo A/C Seater (2+2),18:40,02h 00m,20:40,4.7,429.0,26
36,36,Kolkata to Burdwan,https://www.redbus.in/bus-tickets/kolkata-to-burdwan,ASHIRWAD BUS SERVICE PRIVATE LIMITED,A/C Seater / Sleeper (2+1),20:25,02h 50m,23:15,3.5,350.0,21
37,37,Kolkata to Burdwan,https://www.redbus.in/bus-tickets/kolkata-to-burdwan,Suman sabir,Non AC Seater (2+3),18:50,03h 10m,22:00,1.2,111.0,61
38,38,Kolkata to Burdwan,https://www.redbus.in/bus-tickets/kolkata-to-burdwan,Royal Cruiser,Volvo A/C Seater (2+2),19:30,02h 45m,22:15,2.8,380.0,40
39,39,Kolkata to Burdwan,https://www.redbus.in/bus-tickets/kolkata-to-burdwan,Suman sabir,Non AC Seater (2+3),21:00,02h 59m,23:59,1.2,111.0,54
40,40,Kolkata to Burdwan,https://www.redbus.in/bus-tickets/kolkata-to-burdwan,Pammi Travels,Non A/C Seater / Sleeper (2+1),21:00,02h 59m,23:59,3.7,618.0,33
42,42,Durgapur (West Bengal) to Kolkata,https://www.redbus.in/bus-tickets/durgapur-to-kolkata,SBSTC-BANKURA - KARUNAMOYEE - A/C - 15:15 - 1500,AC Seater (2+2),17:00,04h 00m,21:00,2.8,300.0,26
43,43,Durgapur (West Bengal) to Kolkata,https://www.redbus.in/bus-tickets/durgapur-to-kolkata,SBSTC-ASANSOL - KARUNAMOYEE - 16:10 (BEL DEPOT) - 217,Non AC Seater (2+3),17:25,04h 00m,21:25,3.4,155.0,52
44,44,Durgapur (West Bengal) to Kolkata,https://www.redbus.in/bus-tickets/durgapur-to-kolkata,SBSTC-ASANSOL - KOLKATA - 16:30 (HOWRAH DEPOT) - 752,Non AC Seater (2+3),17:40,03h 30m,21:10,3.8,150.0,51
45,45,Durgapur (West Bengal) to Kolkata,https://www.redbus.in/bus-tickets/durgapur-to-kolkata,SBSTC-ASANSOL - KARUNAMOYEE - 16:40 (ASANSOL DEPOT) - 847,Non AC Seater (2+3),17:50,04h 10m,22:00,4.1,155.0,29
46,46,Durgapur (West Bengal) to Kolkata,https://www.redbus.in/bus-tickets/durgapur-to-kolkata,Greenline,Volvo A/C Seater (2+2),16:10,03h 40m,19:50,4.3,486.0,14
47,47,Durgapur (West Bengal) to Kolkata,https://www.redbus.in/bus-tickets/durgapur-to-kolkata,Express Line (Karunamoyee),Volvo A/C Seater (2+2),16:20,04h 05m,20:25,3.9,486.0,22
48,48,Durgapur (West Bengal) to Kolkata,https://www.redbus.in/bus-tickets/durgapur-to-kolkata,Shyamoli Paribahan Pvt Ltd,Volvo A/C Seater (2+2),16:30,04h 00m,20:30,3.8,486.0,24
49,49,Durgapur (West Bengal) to Kolkata,https://www.redbus.in/bus-tickets/durgapur-to-kolkata,SHYAMOLI Pvt. Ltd.(Karunamoyee),Volvo A/C Seater (2+2),16:45,04h 00m,20:45,4.2,486.0,25
50,50,Durgapur (West Bengal) to Kolkata,https://www.redbus.in/bus-tickets/durgapur-to-kolkata,Greenline (Karunamoyee),Volvo A/C Seater (2+2),17:30,03h 50m,21:20,4.1,486.0,19
51,51,Durgapur (West Bengal) to Kolkata,https://www.redbus.in/bus-tickets/durgapur-to-kolkata,SHYAMOLI Pvt. Ltd.(Karunamoyee),Volvo A/C Seater (2+2),17:50,03h 45m,21:35,4.2,486.0,16
52,52,Durgapur (West Bengal) to Kolkata,https://www.redbus.in/bus-tickets/durgapur-to-kolkata,Shyamoli Paribahan Pvt Ltd,Volvo A/C Seater (2+2),18:15,03h 45m,22:00,3.6,486.0,15
53,53,Durgapur (West Bengal) to Kolkata,https://www.redbus.in/bus-tickets/durgapur-to-kolkata,Express Line,Volvo A/C Seater (2+2),18:30,04h 20m,22:50,4.6,486.0,17
54,54,Kolkata to Haldia,https://www.redbus.in/bus-tickets/kolkata-to-haldia,SBSTC-KOLKATA - HALDIA - 17:00 (Haldia Depot) - 3017,Non AC Seater (2+3),17:00,03h 00m,20:00,4.0,110.0,45
55,55,Kolkata to Haldia,https://www.redbus.in/bus-tickets/kolkata-to-haldia,SBSTC-KOLKATA - HALDIA - 17.30 (HALDIA DEPOT) - 565,Non AC Seater (2+3),17:30,03h 00m,20:30,4.3,110.0,47
56,56,Kolkata to Haldia,https://www.redbus.in/bus-tickets/kolkata-to-haldia,SBSTC-KOLKATA - HALDIA - 18.15 (HALDIA DEPOT) - 566,Non AC Seater (2+3),18:15,03h 00m,21:15,4.1,110.0,36
57,57,Haldia to Kolkata,https://www.redbus.in/bus-tickets/haldia-to-kolkata,WBTC (CTC) Habra- Barasat- Haldia - 180|16:45,Non AC Seater (2+3),16:45,02h 45m,19:30,4.0,97.0,43
58,58,Haldia to Kolkata,https://www.redbus.in/bus-tickets/haldia-to-kolkata,SBSTC-HALDIA - KOLKATA - ALL STOP - 17:30 (HLD DEPOT) - 630,Non AC Seater (2+3),17:30,03h 00m,20:30,3.8,110.0,43
59,59,Kolkata to Durgapur (West Bengal),https://www.redbus.in/bus-tickets/kolkata-to-durgapur,SBSTC-KARUNAMOYEE - BANKURA - VIA - DURGAPUR - 16:45 - 311,Non AC Seater (2+3),16:45,04h 15m,21:00,3.5,155.0,44
60,60,Kolkata to Durgapur (West Bengal),https://www.redbus.in/bus-tickets/kolkata-to-durgapur,SBSTC-KOLKATA - DURGAPUR - 17:15 (DGP DEPOT) - 173,Non AC Seater (2+3),17:15,03h 30m,20:45,3.7,150.0,49
61,61,Kolkata to Durgapur (West Bengal),https://www.redbus.in/bus-tickets/kolkata-to-durgapur,SBSTC-KOLKATA - JAMURIA - VIA - DURGAPUR - 17:30 - 300,Non AC Seater (2+3),17:30,03h 30m,21:00,3.7,150.0,52
62,62,Kolkata to Durgapur (West Bengal),https://www.redbus.in/bus-tickets/kolkata-to-durgapur,SBSTC-KARUNAMOYEE - DURGAPUR - 17:30 (DGP DEPOT) - 181,Non AC Seater (2+3),17:30,03h 45m,21:15,4.2,155.0,44
63,63,Kolkata to Durgapur (West Bengal),https://www.redbus.in/bus-tickets/kolkata-to-durgapur,SBSTC-KOLKATA - DURGAPUR - 18:30 (DGP DEPOT) - 176,Non AC Seater (2+3),18:30,03h 30m,22:00,3.4,150.0,52
64,64,Kolkata to Durgapur (West Bengal),https://www.redbus.in/bus-tickets/kolkata-to-durgapur,Maharani Travels,A/C Seater / Sleeper (2+1),21:05,04h 25m,01:30,2.6,740.0,24
65,65,Kolkata to Arambagh (West Bengal),https://www.redbus.in/bus-tickets/kolkata-to-arambagh-west-bengal,SBSTC-KOLKATA - ARAMBAG - 16:30 - 584,Non AC Seater (2+3),16:30,02h 30m,19:00,4.0,95.0,37
66,66,Kolkata to Arambagh (West Bengal),https://www.redbus.in/bus-tickets/kolkata-to-arambagh-west-bengal,SBSTC-KOLKATA-ARAMBAG-17:30 - 585,Non AC Seater (2+3),17:30,02h 30m,20:00,4.0,95.0,50
67,67,Digha to Kolkata,https://www.redbus.in/bus-tickets/digha-to-kolkata,WBTC (CTC) Tollygunge - Digha - 200|16:30,Non AC Seater (2+3),16:30,04h 15m,20:45,3.9,145.0,49
68,68,Digha to Kolkata,https://www.redbus.in/bus-tickets/digha-to-kolkata,WBTC (CTC) BARASAT-DIGHA via Bally - 38|16:45,Non AC Seater (2+3),16:45,04h 00m,20:45,3.6,146.0,24
69,69,Digha to Kolkata,https://www.redbus.in/bus-tickets/digha-to-kolkata,SBSTC-DIGHA - GARIA - VIA - KOLKATA - 16:40 (FALTA DEPOT - 3704,Non AC Seater (2+3),16:40,04h 30m,21:10,4.1,155.0,44
70,70,Digha to Kolkata,https://www.redbus.in/bus-tickets/digha-to-kolkata,City Express (Shinjini),AC Seater (2+3),22:45,05h 25m,04:10,3.5,320.0,24
71,71,Digha to Kolkata,https://www.redbus.in/bus-tickets/digha-to-kolkata,Snemita Paribahan(Shinjini),A/C Seater (2+3),22:45,05h 25m,04:10,3.0,370.0,17
72,72,Digha to Kolkata,https://www.redbus.in/bus-tickets/digha-to-kolkata,Parameswar Travels,A/C Seater Push Back (2+3),18:10,05h 05m,23:15,3.2,285.0,31
73,73,Digha to Kolkata,https://www.redbus.in/bus-tickets/digha-to-kolkata,Snemita Paribahan (Shinjini),AC Seater (2+3),23:35,04h 10m,03:45,2.8,420.0,8
74,74,Digha to Kolkata,https://www.redbus.in/bus-tickets/digha-to-kolkata,Aradhana Travels,A/C Seater / Sleeper (2+2),18:35,04h 25m,23:00,1.6,475.0,20
75,75,Digha to Kolkata,https://www.redbus.in/bus-tickets/digha-to-kolkata,Parameswar Travels,A/C Seater Push Back (2+3),20:00,05h 35m,01:35,1.6,285.0,20
76,76,Digha to Kolkata,https://www.redbus.in/bus-tickets/digha-to-kolkata,Maa Chandi Travels,A/C Seater / Sleeper (2+2),16:30,05h 00m,21:30,3.3,370.0,19
77,77,Digha to Kolkata,https://www.redbus.in/bus-tickets/digha-to-kolkata,The Joy Ride,A/C Seater / Sleeper (2+2),21:15,05h 15m,02:30,3.1,650.0,31
78,78,Digha to Kolkata,https://www.redbus.in/bus-tickets/digha-to-kolkata,Snemita Parisheba(Santosh),A/C Seater Push Back (2+3),23:30,05h 00m,04:30,3.2,304.0,46
79,79,Digha to Kolkata,https://www.redbus.in/bus-tickets/digha-to-kolkata,Satya Paribahan,A/C Seater (2+3),23:00,04h 45m,03:45,2.8,389.0,34
80,80,Digha to Kolkata,https://www.redbus.in/bus-tickets/digha-to-kolkata,Satya Paribahan,A/C Seater (2+3),23:30,04h 10m,03:40,1.8,342.0,23
81,81,Digha to Kolkata,https://www.redbus.in/bus-tickets/digha-to-kolkata,Bengal Surface Transport,A/C Seater Push Back (2+3),17:30,05h 00m,22:30,2.7,419.0,66
82,82,Digha to Kolkata,https://www.redbus.in/bus-tickets/digha-to-kolkata,Parameswar Travels,A/C Seater Push Back (2+3),21:00,06h 00m,03:00,2.2,285.0,15
83,83,Digha to Kolkata,https://www.redbus.in/bus-tickets/digha-to-kolkata,Aradhana Bus Service,A/C Seater / Sleeper (2+2),23:00,05h 00m,04:00,1.5,570.0,54
84,84,Digha to Kolkata,https://www.redbus.in/bus-tickets/digha-to-kolkata,Arunita Paribahan,A/C Seater (2+3),23:35,04h 10m,03:45,1.9,370.0,12
85,85,Digha to Kolkata,https://www.redbus.in/bus-tickets/digha-to-kolkata,Basu Travels,A/C Seater Push Back (2+3),17:30,05h 00m,22:30,2.3,419.0,12
86,86,Digha to Kolkata,https://www.redbus.in/bus-tickets/digha-to-kolkata,Snemita Paribahan,A/C Seater (2+3),23:30,04h 30m,04:00,2.1,370.0,45
87,87,Digha to Kolkata,https://www.redbus.in/bus-tickets/digha-to-kolkata,Aradhana Travels,A/C Seater / Sleeper (2+1),19:30,04h 29m,23:59,1.8,475.0,28
88,88,Digha to Kolkata,https://www.redbus.in/bus-tickets/digha-to-kolkata,Aniruddha Travels,NON A/C Seater Push Back (2+3) (2+3),16:25,04h 50m,21:15,1.0,250.0,30
89,89,Digha to Kolkata,https://www.redbus.in/bus-tickets/digha-to-kolkata,Satya Paribahan,A/C Seater (2+3),18:20,04h 40m,23:00,2.2,342.0,61
90,90,Digha to Kolkata,https://www.redbus.in/bus-tickets/digha-to-kolkata,Aradhana Travels,Non AC Seater (2+3),21:45,05h 40m,03:25,1.7,475.0,13
91,91,Digha to Kolkata,https://www.redbus.in/bus-tickets/digha-to-kolkata,Aradhana Bus Service,Non AC Seater (2+3),16:50,05h 40m,22:30,1.4,333.0,54
92,92,Kolkata to Digha,https://www.redbus.in/bus-tickets/kolkata-to-digha,SBSTC-GARIA - DIGHA - 22:30 (DIGHA DEPOT) - 3745,Non AC Seater (2+3),23:45,04h 30m,04:15,4.2,155.0,4
93,93,Kolkata to Digha,https://www.redbus.in/bus-tickets/kolkata-to-digha,Express Line,Volvo 9600 A/C Seater (2+2),23:45,05h 00m,04:45,4.5,449.0,39
94,94,Kolkata to Digha,https://www.redbus.in/bus-tickets/kolkata-to-digha,Shyamoli Paribahan Pvt Ltd,VE A/C Seater (2+2),23:30,05h 00m,04:30,4.4,400.0,11
95,95,Kolkata to Digha,https://www.redbus.in/bus-tickets/kolkata-to-digha,AdSagufta Travels(Maa Chandi),A/C Seater / Sleeper (2+2),22:10,07h 30m,05:40,4.7,415.0,34
97,97,Kolkata to Digha,https://www.redbus.in/bus-tickets/kolkata-to-digha,Mayuri Express,AC Seater (2+2),23:15,05h 15m,04:30,4.2,463.0,25
98,98,Kolkata to Digha,https://www.redbus.in/bus-tickets/kolkata-to-digha,Maa Chandi Travels,A/C Seater / Sleeper (2+2),22:00,07h 30m,05:30,4.4,370.0,14
99,99,Kolkata to Digha,https://www.redbus.in/bus-tickets/kolkata-to-digha,AdSagufta Travels (Mayuri),A/C Seater (2+2),23:15,04h 45m,04:00,4.5,415.0,20
100,100,Kolkata to Digha,https://www.redbus.in/bus-tickets/kolkata-to-digha,Sagufta Travels(Maa Chandi),A/C Seater / Sleeper (2+2),23:57,05h 13m,05:10,4.1,415.0,21
101,101,Kolkata to Digha,https://www.redbus.in/bus-tickets/kolkata-to-digha,City Express (Shinjini),AC Seater (2+3),23:50,05h 05m,04:55,3.4,370.0,29
102,102,Kolkata to Digha,https://www.redbus.in/bus-tickets/kolkata-to-digha,Maa Chandi Travels,A/C Seater / Sleeper (2+2),23:57,05h 13m,05:10,4.3,509.0,31
103,103,Kolkata to Digha,https://www.redbus.in/bus-tickets/kolkata-to-digha,Sagufta Travels (Bhorpet Travels),AC Seater (2+2),23:55,04h 40m,04:35,3.9,515.0,17
104,104,Kolkata to Digha,https://www.redbus.in/bus-tickets/kolkata-to-digha,Parameswar Travels,A/C Seater Push Back (2+3),23:45,05h 15m,05:00,3.0,340.0,26
105,105,Kolkata to Digha,https://www.redbus.in/bus-tickets/kolkata-to-digha,Basu Travels,A/C Seater / Sleeper (2+2),23:59,05h 01m,05:00,3.7,399.0,23
106,106,Kolkata to Digha,https://www.redbus.in/bus-tickets/kolkata-to-digha,Parameswar Travels,A/C Seater Push Back (2+3),23:59,05h 01m,05:00,2.8,285.0,44
107,107,Kolkata to Digha,https://www.redbus.in/bus-tickets/kolkata-to-digha,Snemita Paribahan (Bhorpet),AC Seater (2+2),23:55,04h 50m,04:45,3.7,470.0,29
108,108,Kolkata to Digha,https://www.redbus.in/bus-tickets/kolkata-to-digha,Snemita Parisheba(Samanta),AC Seater (2+3),18:00,04h 25m,22:25,3.4,352.0,23
109,109,Kolkata to Digha,https://www.redbus.in/bus-tickets/kolkata-to-digha,Santosh Bus Service,A/C Seater / Sleeper (2+2),23:59,05h 31m,05:30,2.3,279.0,34
110,110,Kolkata to Digha,https://www.redbus.in/bus-tickets/kolkata-to-digha,Ankita Paribahan(Janhabi),A/C Seater Push Back (2+3),16:45,04h 35m,21:20,3.2,389.0,31
111,111,Kolkata to Digha,https://www.redbus.in/bus-tickets/kolkata-to-digha,Sagufta Travels (Atithi),A/C Seater Push Back (2+3),23:59,05h 01m,05:00,2.9,365.0,41
112,112,Kolkata to Digha,https://www.redbus.in/bus-tickets/kolkata-to-digha,Basu Travels,A/C Seater Push Back (2+3),23:30,05h 00m,04:30,3.4,339.0,20
113,113,Kolkata to Digha,https://www.redbus.in/bus-tickets/kolkata-to-digha,Sagufta Travels(Angel),A/C Seater (2+2),23:58,05h 12m,05:10,2.9,365.0,20
114,114,Kolkata to Digha,https://www.redbus.in/bus-tickets/kolkata-to-digha,Parameswar Travels,A/C Seater Push Back (2+2),23:50,04h 55m,04:45,3.8,285.0,9
115,115,Kolkata to Digha,https://www.redbus.in/bus-tickets/kolkata-to-digha,Bengal Surface Transport,A/C Seater / Sleeper (2+2),23:55,05h 05m,05:00,2.9,550.0,28
116,116,Kolkata to Digha,https://www.redbus.in/bus-tickets/kolkata-to-digha,Snemita Paribahan(Shinjini),A/C Seater (2+3),23:50,04h 40m,04:30,2.8,370.0,20
117,117,Kolkata to Digha,https://www.redbus.in/bus-tickets/kolkata-to-digha,Parameswar Travels,A/C Seater Push Back (2+3),23:55,05h 05m,05:00,2.1,285.0,34
118,118,Kolkata to Digha,https://www.redbus.in/bus-tickets/kolkata-to-digha,Haimanti Bus Service,AC Seater (2+3),19:50,05h 40m,01:30,3.2,350.0,20
119,119,Kolkata to Digha,https://www.redbus.in/bus-tickets/kolkata-to-digha,Samanta Travels,A/C Seater (2+3),18:50,04h 40m,23:30,2.2,285.0,61
120,120,Kolkata to Digha,https://www.redbus.in/bus-tickets/kolkata-to-digha,Suvam Travels,A/C Seater Push Back (2+3),16:10,04h 20m,20:30,1.8,300.0,61
121,121,Kolkata to Digha,https://www.redbus.in/bus-tickets/kolkata-to-digha,Ankita Paribahan( Haimanti),A/C Seater Push Back (2+3),19:50,04h 15m,00:05,1.5,416.0,41
122,122,Kolkata to Digha,https://www.redbus.in/bus-tickets/kolkata-to-digha,Santosh Bus Service,A/C Seater Push Back (2+3),23:50,05h 10m,05:00,4.1,280.0,10
123,123,Kolkata to Digha,https://www.redbus.in/bus-tickets/kolkata-to-digha,City Express (Shinjini),AC Seater (2+2),23:45,04h 50m,04:35,3.6,470.0,12
124,124,Kolkata to Digha,https://www.redbus.in/bus-tickets/kolkata-to-digha,Arunita Paribahan,AC Seater (2+2),23:45,05h 00m,04:45,3.5,370.0,21
125,125,Kolkata to Digha,https://www.redbus.in/bus-tickets/kolkata-to-digha,Sagufta Travels (Samanta),A/C Seater (2+3),18:00,04h 50m,22:50,3.3,315.0,17
126,126,Kolkata to Digha,https://www.redbus.in/bus-tickets/kolkata-to-digha,Sagufta Travels (Kojagor),A/C Seater Push Back (2+3),17:00,04h 50m,21:50,3.3,315.0,26
127,127,Kolkata to Digha,https://www.redbus.in/bus-tickets/kolkata-to-digha,Ankita Paribahan (Maity Motor),A/C Seater Push Back (2+3),22:20,04h 40m,03:00,3.1,416.0,25
128,128,Kolkata to Digha,https://www.redbus.in/bus-tickets/kolkata-to-digha,Ankita Paribahan(Atithi),A/C Seater (2+3),23:55,05h 05m,05:00,3.1,389.0,10
129,129,Kolkata to Digha,https://www.redbus.in/bus-tickets/kolkata-to-digha,Sagufta Travels (Sagar Kanya),A/C Seater Push Back (2+3),23:30,04h 35m,04:05,2.9,365.0,20
130,130,Kolkata to Digha,https://www.redbus.in/bus-tickets/kolkata-to-digha,Parameswar Travels,A/C Seater Push Back (2+3),21:50,05h 55m,03:45,2.6,285.0,51
131,131,Kolkata to Digha,https://www.redbus.in/bus-tickets/kolkata-to-digha,Bengal Surface Transport,A/C Seater Push Back (2+3),23:59,05h 01m,05:00,2.4,399.0,20
132,132,Kolkata to Digha,https://www.redbus.in/bus-tickets/kolkata-to-digha,Samanta Travels,A/C Seater (2+3),18:10,05h 00m,23:10,2.1,285.0,16
133,133,Kolkata to Digha,https://www.redbus.in/bus-tickets/kolkata-to-digha,Snemita Parisheba,AC Seater (2+3),19:30,04h 40m,00:10,2.1,352.0,20
134,134,Kolkata to Digha,https://www.redbus.in/bus-tickets/kolkata-to-digha,Ankita Paribahan(Atithi),A/C Seater Push Back (2+3),22:40,06h 40m,05:20,1.7,416.0,20
135,135,Kolkata to Digha,https://www.redbus.in/bus-tickets/kolkata-to-digha,Basu Travels,A/C Seater Push Back (2+3),23:55,05h 05m,05:00,2.3,469.0,21
136,136,Kolkata to Digha,https://www.redbus.in/bus-tickets/kolkata-to-digha,Snemita Paribahan (ANGEL),A/C Seater Push Back (2+2),23:58,05h 02m,05:00,2.0,430.0,29
137,137,Kolkata to Digha,https://www.redbus.in/bus-tickets/kolkata-to-digha,Snemita Pariseba(Santosh),AC Seater (2+3),18:30,05h 00m,23:30,1.2,352.0,20
138,138,Kolkata to Digha,https://www.redbus.in/bus-tickets/kolkata-to-digha,Bengal Surface Transport,A/C Seater Push Back (2+3),23:20,05h 10m,04:30,2.6,419.0,61
139,139,Kolkata to Digha,https://www.redbus.in/bus-tickets/kolkata-to-digha,Snemita Paribahan (Shinjini),AC Seater (2+2),23:45,04h 50m,04:35,3.8,470.0,16
140,140,Kolkata to Digha,https://www.redbus.in/bus-tickets/kolkata-to-digha,Purusottam Travels,NON A/C Seater (2+3),17:30,04h 20m,21:50,3.2,250.0,33
141,141,Kolkata to Digha,https://www.redbus.in/bus-tickets/kolkata-to-digha,Ankita Paribahan(Parameswar),A/C Seater (2+3),21:50,04h 50m,02:40,3.1,416.0,15
142,142,Kolkata to Digha,https://www.redbus.in/bus-tickets/kolkata-to-digha,Snemita Parisheba,AC Seater (2+3),19:05,04h 40m,23:45,2.6,352.0,20
143,143,Kolkata to Digha,https://www.redbus.in/bus-tickets/kolkata-to-digha,Suvam Travels,Non AC Seater (2+3),16:30,04h 30m,21:00,1.8,200.0,59
144,144,Kolkata to Digha,https://www.redbus.in/bus-tickets/kolkata-to-digha,Anadi Travels (Disha Gold),A/C Seater Push Back (2+3),23:00,05h 40m,04:40,1.0,500.0,60
145,145,Kolkata to Bankura,https://www.redbus.in/bus-tickets/kolkata-to-bankura,City Queen Bus Service,Non AC Seater (2+2),20:50,05h 10m,02:00,3.0,250.0,13
146,146,Kolkata to Bankura,https://www.redbus.in/bus-tickets/kolkata-to-bankura,City Queen Bus Service,Non AC Seater (2+2),21:30,06h 00m,03:30,2.2,285.0,18
147,147,Asansol (West Bengal) to Kolkata,https://www.redbus.in/bus-tickets/asansol-to-kolkata,SBSTC-ASANSOL - KOLKATA - 16:30 (HOWRAH DEPOT) - 752,Non AC Seater (2+3),16:30,04h 30m,21:00,2.8,180.0,48
148,148,Asansol (West Bengal) to Kolkata,https://www.redbus.in/bus-tickets/asansol-to-kolkata,SBSTC-ASANSOL - KARUNAMOYEE - 16:40 (ASANSOL DEPOT) - 847,Non AC Seater (2+3),16:40,05h 20m,22:00,2.8,185.0,29
149,149,Asansol (West Bengal) to Kolkata,https://www.redbus.in/bus-tickets/asansol-to-kolkata,Greenline (Karunamoyee),Volvo A/C Seater (2+2),16:20,05h 00m,21:20,3.9,524.0,19
150,150,Asansol (West Bengal) to Kolkata,https://www.redbus.in/bus-tickets/asansol-to-kolkata,SHYAMOLI Pvt. Ltd.(Karunamoyee),Volvo A/C Seater (2+2),16:35,05h 00m,21:35,3.6,524.0,16
151,151,Asansol (West Bengal) to Kolkata,https://www.redbus.in/bus-tickets/asansol-to-kolkata,Shyamoli Paribahan Pvt Ltd,Volvo A/C Seater (2+2),17:00,05h 00m,22:00,3.6,524.0,13
152,152,Asansol (West Bengal) to Kolkata,https://www.redbus.in/bus-tickets/asansol-to-kolkata,Express Line,Volvo A/C Seater (2+2),17:30,05h 20m,22:50,4.5,524.0,17
153,153,Asansol (West Bengal) to Kolkata,https://www.redbus.in/bus-tickets/asansol-to-kolkata,Sana Travels,NON AC Seater / Sleeper 2+1,23:58,05h 02m,05:00,1.0,400.0,31
154,154,Midnapore to Kolkata,https://www.redbus.in/bus-tickets/midnapore-to-kolkata,SBSTC-MIDNAPUR - KARUNAMOYEE - 16:40 - 997,Non AC Seater (2+3),16:40,07h 20m,00:00,4.1,118.0,41
155,155,Midnapore to Kolkata,https://www.redbus.in/bus-tickets/midnapore-to-kolkata,WBTC (CTC) Habra-Midnapur - 194|17:00,Non AC Seater (2+3),17:00,02h 45m,19:45,4.1,105.0,47
156,156,Kolkata to Asansol (West Bengal),https://www.redbus.in/bus-tickets/kolkata-to-asansol,SHYAMOLI Pvt. Ltd.(Karunamoyee),Volvo A/C Seater (2+2),16:20,04h 40m,21:00,4.1,524.0,26
157,157,Kolkata to Asansol (West Bengal),https://www.redbus.in/bus-tickets/kolkata-to-asansol,Beauty Travels,NON A/C Seater / Sleeper (2+2),20:20,04h 10m,00:30,3.0,380.0,36
158,158,Kolkata to Siliguri,https://www.redbus.in/bus-tickets/kolkata-to-siliguri,NBSTC-KOL-COB-R1-17:00,Non AC Seater 2+2,17:00,12h 00m,05:00,3.7,486.0,16
159,159,Kolkata to Siliguri,https://www.redbus.in/bus-tickets/kolkata-to-siliguri,NBSTC-KOL-SLG-R1-18:00,NON A/C Seater Push Back (2+2),18:00,12h 00m,06:00,4.1,486.0,19
160,160,Kolkata to Siliguri,https://www.redbus.in/bus-tickets/kolkata-to-siliguri,SBSTC-KOLKATA - SILIGURI - VIA - MALDA - 20:00 (BEL DEPO - 3805,Express (Non AC Seater 2+2),20:00,13h 00m,09:00,4.3,500.0,31
161,161,Kolkata to Siliguri,https://www.redbus.in/bus-tickets/kolkata-to-siliguri,Shyamoli Paribahan Pvt Ltd,Volvo 9600 A/C Seater/Sleeper (2+1),18:30,13h 15m,07:45,4.6,1200.0,39
162,162,Kolkata to Siliguri,https://www.redbus.in/bus-tickets/kolkata-to-siliguri,Lokenath Bus Service,Volvo 9600 Multi-Axle A/C Sleeper (2+1),18:45,12h 45m,07:30,4.6,1500.0,30
163,163,Kolkata to Siliguri,https://www.redbus.in/bus-tickets/kolkata-to-siliguri,AdExpress Line,Volvo 9600 Multi-Axle A/C Sleeper (2+1),18:30,13h 10m,07:40,4.4,1499.0,18
164,164,Kolkata to Siliguri,https://www.redbus.in/bus-tickets/kolkata-to-siliguri,Shyamoli Paribahan Pvt Ltd,Volvo Multi-Axle A/C seater/sleeper (2+1),19:30,13h 15m,08:45,4.5,1200.0,31
165,165,Kolkata to Siliguri,https://www.redbus.in/bus-tickets/kolkata-to-siliguri,EASY RIDE,Volvo 9600 Multi-Axle A/C Sleeper (2+1),18:45,12h 40m,07:25,4.7,1500.0,9
166,166,Kolkata to Siliguri,https://www.redbus.in/bus-tickets/kolkata-to-siliguri,Greenline,Volvo 9600 Multi-Axle A/C Sleeper (2+1),18:30,13h 15m,07:45,4.5,1500.0,19
167,167,Kolkata to Siliguri,https://www.redbus.in/bus-tickets/kolkata-to-siliguri,Shyamoli Paribahan Pvt Ltd,Volvo 9600 Multi-Axle A/C Sleeper (2+1),18:00,12h 50m,06:50,4.5,1500.0,26
168,168,Kolkata to Siliguri,https://www.redbus.in/bus-tickets/kolkata-to-siliguri,Lokenath Bus Service,Volvo Multi-Axle A/C Seater/Sleeper (2+1),18:15,12h 15m,06:30,4.4,1200.0,34
169,169,Kolkata to Siliguri,https://www.redbus.in/bus-tickets/kolkata-to-siliguri,Greenline,Volvo Multi-Axle A/C Sleeper (2+1),18:00,13h 00m,07:00,4.6,1500.0,21
170,170,Kolkata to Siliguri,https://www.redbus.in/bus-tickets/kolkata-to-siliguri,Rubi Paribahan  ,Volvo 9600 Multi-Axle A/C Sleeper (2+1),19:00,12h 30m,07:30,4.3,1499.0,16
171,171,Kolkata to Siliguri,https://www.redbus.in/bus-tickets/kolkata-to-siliguri,Aradhana Bus Service,NON A/C Seater / Sleeper (2+2),16:45,14h 15m,07:00,2.1,713.0,37
172,172,Kolkata to Siliguri,https://www.redbus.in/bus-tickets/kolkata-to-siliguri,Maulik Paribahan,A/C Seater / Sleeper (2+2),18:30,13h 15m,07:45,3.3,900.0,45
173,173,Kolkata to Siliguri,https://www.redbus.in/bus-tickets/kolkata-to-siliguri,Shantanu Bus Service,NON A/C Seater / Sleeper (2+2),17:30,15h 00m,08:30,2.1,600.0,27
174,174,Kolkata to Siliguri,https://www.redbus.in/bus-tickets/kolkata-to-siliguri,Annesha Travels,NON A/C Seater / Sleeper (2+2),17:30,13h 30m,07:00,1.4,500.0,31
175,175,Kolkata to Siliguri,https://www.redbus.in/bus-tickets/kolkata-to-siliguri,Maa Durga Bus Service,NON A/C Seater / Sleeper (2+2),19:00,14h 00m,09:00,2.5,600.0,16
176,176,Kolkata to Nimtouri,https://www.redbus.in/bus-tickets/kolkata-to-nimtouri,SBSTC-GARIA - DIGHA - 15:15 (DIGHA DEPOT) - 543,Non AC Seater (2+3),16:30,07h 30m,00:00,3.4,78.0,37
177,177,Kolkata to Nimtouri,https://www.redbus.in/bus-tickets/kolkata-to-nimtouri,SBSTC-KOLKATA - NANDIGRAM - 16:45 (HWH DEPOT) - 602,Non AC Seater (2+3),16:45,07h 15m,00:00,3.0,78.0,50
178,178,Siliguri to Kolkata,https://www.redbus.in/bus-tickets/siliguri-to-kolkata,NBSTC-SLG-KOL-R1-18:30,NON A/C Seater Push Back (2+2),18:30,12h 00m,06:30,3.9,486.0,8
179,179,Siliguri to Kolkata,https://www.redbus.in/bus-tickets/siliguri-to-kolkata,SBSTC-SILIGURI - KOLKATA - VIA - MALDA - EXPRESS - 19:30 - 3806,Express (Non AC Seater 2+2),19:30,13h 00m,08:30,4.1,500.0,11
181,181,Siliguri to Kolkata,https://www.redbus.in/bus-tickets/siliguri-to-kolkata,Lokenath Bus Service,Volvo Multi Axle B11R AC Seater\Sleeper (2+1),20:30,12h 00m,08:30,4.3,1200.0,40
182,182,Siliguri to Kolkata,https://www.redbus.in/bus-tickets/siliguri-to-kolkata,Royal Cruiser,Scania Multi-Axle AC Semi Sleeper (2+2),17:35,13h 00m,06:35,3.8,968.0,6
183,183,Siliguri to Kolkata,https://www.redbus.in/bus-tickets/siliguri-to-kolkata,Modern Travels,Bharat Benz A/C Seater /Sleeper (2+1),19:00,12h 30m,07:30,3.5,825.0,29
184,184,Siliguri to Kolkata,https://www.redbus.in/bus-tickets/siliguri-to-kolkata,Annesha Travels,NON A/C Seater / Sleeper (2+2),18:00,13h 00m,07:00,2.2,450.0,34
185,185,Siliguri to Kolkata,https://www.redbus.in/bus-tickets/siliguri-to-kolkata,Maa Durga Bus Service,NON A/C Seater / Sleeper (2+2),18:00,14h 00m,08:00,3.3,600.0,14
186,186,Digha to Durgapur (West Bengal),https://www.redbus.in/bus-tickets/digha-to-durgapur,SBSTC-DIGHA - DURGAPUR - VIA - BISHNUPUR - 2/2 - 20:30 - 3808,Non AC Seater (2+2),20:30,08h 10m,04:40,4.2,233.0,26
187,187,Digha to Durgapur (West Bengal),https://www.redbus.in/bus-tickets/digha-to-durgapur,SBSTC-DIGHA - ASANSOL - VIA - MEDINIPUR-DURGAPUR - 21:30 - 1553,Non AC Seater (2+3),21:30,08h 30m,06:00,3.1,238.0,42
188,188,Kolkata to Midnapore,https://www.redbus.in/bus-tickets/kolkata-to-midnapore,SBSTC-KOLKATA - MIDNAPUR - 18:00 (MID DEPOT) - 597,Non AC Seater (2+3),18:00,03h 00m,21:00,3.4,110.0,37
189,189,Kolkata to Midnapore,https://www.redbus.in/bus-tickets/kolkata-to-midnapore,SBSTC-KOLKATA - MIDNAPUR - 18:45 (MID DEPOT) - 678,Non AC Seater (2+3),18:45,03h 00m,21:45,3.3,110.0,35
190,190,Kolkata to Nandakumar (west bengal),https://www.redbus.in/bus-tickets/kolkata-to-nandakumar,SBSTC-KOLKATA - HALDIA - 17:000 (Haldia Depot) - 3017,Non AC Seater (2+3),17:00,07h 00m,00:00,4.1,85.0,51
191,191,Durgapur (West Bengal) to Digha,https://www.redbus.in/bus-tickets/durgapur-to-digha,SBSTC-DURGAPUR - DIGHA - VIA - MIDNAPUR - 2/2 - 20:00 (D - 3807,Non AC Seater (2+2),20:00,08h 45m,04:45,4.2,238.0,17
192,192,Durgapur (West Bengal) to Digha,https://www.redbus.in/bus-tickets/durgapur-to-digha,ISHIKA TRADERS,A/C Seater / Sleeper (2+2),21:10,07h 50m,05:00,3.1,600.0,38
193,193,Kolkata to Kolaghat,https://www.redbus.in/bus-tickets/kolkata-to-kolaghat,SBSTC-KOLKATA - GOPIGANJ - 17:30 (ARM DEPOT) - 603,Non AC Seater (2+3),17:30,06h 30m,00:00,4.4,64.0,50
194,194,Kolkata to Kolaghat,https://www.redbus.in/bus-tickets/kolkata-to-kolaghat,SBSTC-GARIA - DIGHA - 22:30 (DIGHA DEPOT) - 3745,Non AC Seater (2+3),22:30,01h 30m,00:00,4.4,80.0,8
195,195,Durgapur (West Bengal) to Siliguri,https://www.redbus.in/bus-tickets/durgapur-to-siliguri,SBSTC-ASANSOL - SILIGURI - 2/2 VIA - SURI - 15:50 (ASN D - 3809,Non AC Seater (2+2),17:10,10h 50m,04:00,3.7,455.0,31
196,196,Durgapur (West Bengal) to Siliguri,https://www.redbus.in/bus-tickets/durgapur-to-siliguri,SBSTC-BANKURA - SILIGURI - A/C - 16:30 (DGP DEPOT) - 3959,AC Seater (2+2),18:30,11h 30m,06:00,3.6,810.0,25
197,197,Durgapur (West Bengal) to Siliguri,https://www.redbus.in/bus-tickets/durgapur-to-siliguri,Greenline,Volvo 9600 Multi-Axle A/C Sleeper (2+1),19:45,10h 45m,06:30,4.2,1350.0,17
198,198,Durgapur (West Bengal) to Siliguri,https://www.redbus.in/bus-tickets/durgapur-to-siliguri,Guru Nanak (Inter City),NON A/C Seater / Sleeper (2+2),18:30,13h 30m,08:00,3.6,599.0,24
199,199,Durgapur (West Bengal) to Siliguri,https://www.redbus.in/bus-tickets/durgapur-to-siliguri,Lady Diana Travels,NON A/C Seater / Sleeper (2+2),18:15,12h 00m,06:15,3.8,600.0,5
200,200,Durgapur (West Bengal) to Siliguri,https://www.redbus.in/bus-tickets/durgapur-to-siliguri,Shivnarayan Travels,NON A/C Seater / Sleeper (2+2),18:00,12h 30m,06:30,3.2,650.0,10
201,201,Durgapur (West Bengal) to Siliguri,https://www.redbus.in/bus-tickets/durgapur-to-siliguri,Shivnarayan Travels,NON A/C Seater / Sleeper (2+2),19:00,12h 00m,07:00,2.8,650.0,8
202,202,Durgapur (West Bengal) to Siliguri,https://www.redbus.in/bus-tickets/durgapur-to-siliguri,Shreya Roadlines (Mangaldeep),NON A/C Seater / Sleeper (2+2),17:35,12h 25m,06:00,2.4,570.0,20
203,203,Siliguri to Durgapur (West Bengal),https://www.redbus.in/bus-tickets/siliguri-to-durgapur,SBSTC-SILIGURI - BANKURA - A/C - 20:00 (DGP DEPOT) - 3960,AC Seater (2+2),20:00,10h 00m,06:00,3.1,810.0,36
204,204,Siliguri to Durgapur (West Bengal),https://www.redbus.in/bus-tickets/siliguri-to-durgapur,Shyamoli Paribahan Pvt Ltd,Scania Multi-Axle AC Semi Sleeper (2+2),18:20,10h 55m,05:15,4.3,1000.0,33
205,205,Siliguri to Durgapur (West Bengal),https://www.redbus.in/bus-tickets/siliguri-to-durgapur,Greenline,Volvo 9600 Multi-Axle A/C Sleeper (2+1),19:00,11h 00m,06:00,4.3,1350.0,17
206,206,Siliguri to Durgapur (West Bengal),https://www.redbus.in/bus-tickets/siliguri-to-durgapur,Guru Nanak (Inter City),NON A/C Seater / Sleeper (2+2),17:30,13h 20m,06:50,3.6,599.0,28
207,207,Siliguri to Durgapur (West Bengal),https://www.redbus.in/bus-tickets/siliguri-to-durgapur,Shivnarayan Travels,NON A/C Seater / Sleeper (2+2),17:30,11h 30m,05:00,3.6,650.0,10
208,208,Siliguri to Durgapur (West Bengal),https://www.redbus.in/bus-tickets/siliguri-to-durgapur,Mangaldeep,NON A/C Seater / Sleeper (2+2),16:30,12h 00m,04:30,3.6,600.0,17
209,209,Kolkata to Bajkul (West Bengal),https://www.redbus.in/bus-tickets/kolkata-to-bajkul-west-bengal,Santosh Bus Service,NON A/C Seater Pushback (2+3),20:05,03h 40m,23:45,3.8,143.0,37
210,210,Durgapur (West Bengal) to Bankura,https://www.redbus.in/bus-tickets/durgapur-to-bankura,SBSTC-KARUNAMOYEE - BANKURA - A/C - 15:15 (BNK DEPOT) - 1524,AC Seater (2+2),19:30,04h 30m,00:00,3.8,70.0,21
211,211,Durgapur (West Bengal) to Bankura,https://www.redbus.in/bus-tickets/durgapur-to-bankura,Dolphin tours and travels,A/C Seater / Sleeper (2+2),17:45,01h 15m,19:00,3.8,806.0,23
212,212,Siliguri to Malda,https://www.redbus.in/bus-tickets/siliguri-to-malda,Aradhana Travels,A/C Seater / Sleeper (2+1),19:05,05h 45m,00:50,3.4,713.0,32
213,213,Siliguri to Malda,https://www.redbus.in/bus-tickets/siliguri-to-malda,Aradhana Travels,Volvo A/C B11R Multi Axle Semi Sleeper (2+2),21:30,05h 30m,03:00,3.8,713.0,38
215,215,Siliguri to Malda,https://www.redbus.in/bus-tickets/siliguri-to-malda,Aradhana Travels,NON A/C Seater / Sleeper (2+2),22:00,08h 00m,06:00,1.3,475.0,33
216,216,Kolkata to Suri,https://www.redbus.in/bus-tickets/kolkata-to-suri,SBSTC-KOLKATA - SURI - 18:00 - (Suri Depot) - 1205,Non AC Seater (2+3),18:00,05h 00m,23:00,3.4,190.0,51
